source_url	original_sha256
https://raw.githubusercontent.com/cyberbotics/webots/R2023b/projects/appearances/protos/OldSteel.proto	fca4de80bb2266380c29b75d582222302d80a62c6d5b966c747c7e75f7d661b2
https://raw.githubusercontent.com/cyberbotics/webots/R2023b/projects/appearances/protos/ScrewThread.proto	144ec980a01d065c3f324f1ca2dc4a3617710e1547b46d99c7f461376e719055
https://raw.githubusercontent.com/cyberbotics/webots/R2023b/projects/appearances/protos/textures/old_steel/old_steel_base_color.jpg	9d8baefa0bbea8705d05647ef65b26b8f2f1ba07db9d39adc0d0cf8244b4d76a
https://raw.githubusercontent.com/cyberbotics/webots/R2023b/projects/appearances/protos/textures/old_steel/old_steel_metalness.jpg	de80c5afea7a1f445f0d2bc7f83b3757f9eb616b0f6fcd59675d56882fc653c4
https://raw.githubusercontent.com/cyberbotics/webots/R2023b/projects/appearances/protos/textures/old_steel/old_steel_normal.jpg	7b62dc4ae5bd2fc4c297157c463c2836fd1ea1611e743c680f33c725265ef435
https://raw.githubusercontent.com/cyberbotics/webots/R2023b/projects/appearances/protos/textures/old_steel/old_steel_roughness.jpg	8397d0de9496e78ebcd7b218b4816d5d8fa383c9a9f1765d931fc0df5932b0b0
https://raw.githubusercontent.com/cyberbotics/webots/R2023b/projects/appearances/protos/textures/screw_thread/screw_thread_base_color.jpg	a86765be53058e2364acf3196998865e702a0cdd059a2c478947ee28b374b4d4
https://raw.githubusercontent.com/cyberbotics/webots/R2023b/projects/appearances/protos/textures/screw_thread/screw_thread_normal.jpg	d91fcfd1e2fa6f77784c72464b49e96d9b477e775861b5b694c4b2a2c4cf73af
https://raw.githubusercontent.com/cyberbotics/webots/R2023b/projects/appearances/protos/textures/screw_thread/screw_thread_occlusion.jpg	31d63b395bf4117e0e9b3e3233ccfb324f91f5e16b9f8a88fabbb022d2f80ef7
https://raw.githubusercontent.com/cyberbotics/webots/R2023b/projects/appearances/protos/textures/screw_thread/screw_thread_roughness.jpg	49865d4f1669335705a8ed2042bb6b46a3465d7af8ae9af8004b3e342dca4c21
https://raw.githubusercontent.com/cyberbotics/webots/R2023b/projects/robots/universal_robots/protos/UR5e/meshes/base_link_0.obj	7e70ec8e020c5b1982973f0e7a43f31243bd90acb4dab2fe578dcb1f77a2faa1
https://raw.githubusercontent.com/cyberbotics/webots/R2023b/projects/robots/universal_robots/protos/UR5e/meshes/base_link_1.obj	1d1e668c47c3f29c4d828ac132c7ae1bd31b356ce83145579054afaee60b3de6
https://raw.githubusercontent.com/cyberbotics/webots/R2023b/projects/robots/universal_robots/protos/UR5e/meshes/forearm_link_0.obj	5fffd00ec0d15633ebdf58282cabf7f38dd73fed11d24426747b74969f5704b3
https://raw.githubusercontent.com/cyberbotics/webots/R2023b/projects/robots/universal_robots/protos/UR5e/meshes/forearm_link_1.obj	e63adda18ea906bd3c0d2d107816db42ae0a3e40a76d53cc12c77549d54072d8
https://raw.githubusercontent.com/cyberbotics/webots/R2023b/projects/robots/universal_robots/protos/UR5e/meshes/forearm_link_2.obj	255552515a868b3d5bee960bddd97b623434863538052f1a1d61e2add7d33b82
https://raw.githubusercontent.com/cyberbotics/webots/R2023b/projects/robots/universal_robots/protos/UR5e/meshes/forearm_link_3.obj	a159a5732f82273118650fbb6fd3e46a18503d69adb335149b7945d857f3dfb7
https://raw.githubusercontent.com/cyberbotics/webots/R2023b/projects/robots/universal_robots/protos/UR5e/meshes/forearm_link_4.obj	a89a539239a35d4088d83235849bed10aba7fcfef2a63ec912a6cade1b7d94ce
https://raw.githubusercontent.com/cyberbotics/webots/R2023b/projects/robots/universal_robots/protos/UR5e/meshes/forearm_link_5.obj	76de1f865fc6450822b3a6da69751d418656f065cb102648a4448bbd93a3d188
https://raw.githubusercontent.com/cyberbotics/webots/R2023b/projects/robots/universal_robots/protos/UR5e/meshes/forearm_link_6.obj	542c75f82a8d52ecc34f58cd53f2051e4e1031659704e0d29e34b9229778c40d
https://raw.githubusercontent.com/cyberbotics/webots/R2023b/projects/robots/universal_robots/protos/UR5e/meshes/forearm_link_7.obj	0496783373b22bf70b5daa59d767c1edb1831f53ad44fe6c4dc9f763d4a7355f
https://raw.githubusercontent.com/cyberbotics/webots/R2023b/projects/robots/universal_robots/protos/UR5e/meshes/screw.obj	25d75b178dcac9cd5e1e634e8cd90ff7f8b7eb3194b890608ea8189265b4e51e
https://raw.githubusercontent.com/cyberbotics/webots/R2023b/projects/robots/universal_robots/protos/UR5e/meshes/shoulder_link_0.obj	cb863323b1ffe3963ebe8f99f120f55c991bce4ff566447df1937610166c1f27
https://raw.githubusercontent.com/cyberbotics/webots/R2023b/projects/robots/universal_robots/protos/UR5e/meshes/shoulder_link_1.obj	1dcd425511558c8d56e50d5817dba4ac3e1d30e964843f3d811c7a1950e1f872
https://raw.githubusercontent.com/cyberbotics/webots/R2023b/projects/robots/universal_robots/protos/UR5e/meshes/shoulder_link_2.obj	5f3ff28ad5e4306370d308876bd45921bccd40c124927cc6a3250ce43f50420c
https://raw.githubusercontent.com/cyberbotics/webots/R2023b/projects/robots/universal_robots/protos/UR5e/meshes/shoulder_link_3.obj	2f46147e2f59d293c2aaeefcb81a5a7babeb2975ec965aab9fe96f9364a22254
https://raw.githubusercontent.com/cyberbotics/webots/R2023b/projects/robots/universal_robots/protos/UR5e/meshes/upper_arm_link_0.obj	a04804a03a5a4cc9014988c6644eb645f64b48748aa7cc35ebff166ef5368a89
https://raw.githubusercontent.com/cyberbotics/webots/R2023b/projects/robots/universal_robots/protos/UR5e/meshes/upper_arm_link_1.obj	0d707ddfe697714730aa2f997004af28595c5dfe6a7046dfb435254bbe3232ef
https://raw.githubusercontent.com/cyberbotics/webots/R2023b/projects/robots/universal_robots/protos/UR5e/meshes/upper_arm_link_2.obj	611bb4ddad56e44d6a769c73fed9ad03e22a40f28b96ceedd18b4b1a8ab20ab6
https://raw.githubusercontent.com/cyberbotics/webots/R2023b/projects/robots/universal_robots/protos/UR5e/meshes/upper_arm_link_3.obj	327f3752f8873015a7b9bfc25b60c452d4afd8043c5686e4c5b3487a8272c566
https://raw.githubusercontent.com/cyberbotics/webots/R2023b/projects/robots/universal_robots/protos/UR5e/meshes/upper_arm_link_4.obj	fe8506f4d176e215c4d27ebe02907136cf422f3ce721e551926d2ce2f38e4975
https://raw.githubusercontent.com/cyberbotics/webots/R2023b/projects/robots/universal_robots/protos/UR5e/meshes/upper_arm_link_5.obj	d826249c671c258a9d6a64523b37a314891c1e9773bbbb812a8cecf185e4d5d7
https://raw.githubusercontent.com/cyberbotics/webots/R2023b/projects/robots/universal_robots/protos/UR5e/meshes/upper_arm_link_6.obj	4cad95295ecab7e825393a6814fd8cfe1d40810d8fb450e185f0d4c1873b91b5
https://raw.githubusercontent.com/cyberbotics/webots/R2023b/projects/robots/universal_robots/protos/UR5e/meshes/upper_arm_link_7.obj	d65cadd00789642fab23eb8c48c477ed42dedb81c273ce03b39c46950b21aedd
https://raw.githubusercontent.com/cyberbotics/webots/R2023b/projects/robots/universal_robots/protos/UR5e/meshes/upper_arm_link_8.obj	696166922d0aebaa5c43a9edb232acf812a778d5b1d2c24a42d5d85366b47e7f
https://raw.githubusercontent.com/cyberbotics/webots/R2023b/projects/robots/universal_robots/protos/UR5e/meshes/upper_arm_link_9.obj	1c6019a034a19bffadbafed6d1df1d6ec1530e9ec36cde281b61475ab02426ef
https://raw.githubusercontent.com/cyberbotics/webots/R2023b/projects/robots/universal_robots/protos/UR5e/meshes/wrist_1_link_0.obj	7cf499beafd44e48cdf7d023b87ef9b49e6cefed84acc0b3bbad64b915bf9567
https://raw.githubusercontent.com/cyberbotics/webots/R2023b/projects/robots/universal_robots/protos/UR5e/meshes/wrist_1_link_1.obj	bcbdb30a062324c1bbb0f0f0647583026cfd5c9e062de9820aaf5de070700d06
https://raw.githubusercontent.com/cyberbotics/webots/R2023b/projects/robots/universal_robots/protos/UR5e/meshes/wrist_1_link_2.obj	ce7a33cedf10a05e3a987a36a81328f4a86fdb70ff2f54ee1eefe14de39ec674
https://raw.githubusercontent.com/cyberbotics/webots/R2023b/projects/robots/universal_robots/protos/UR5e/meshes/wrist_1_link_3.obj	0de111111589f9d1957a87897f8461f3861546868ef595e23ab8d9b5fdd188f7
https://raw.githubusercontent.com/cyberbotics/webots/R2023b/projects/robots/universal_robots/protos/UR5e/meshes/wrist_2_link_0.obj	81dd15bcbb665218659b7579cf32aed12605af6b2c8d83c5f7501615f00f36a0
https://raw.githubusercontent.com/cyberbotics/webots/R2023b/projects/robots/universal_robots/protos/UR5e/meshes/wrist_2_link_1.obj	fda21f482557aca50a728c263f5f0747a0b9510cbaceb1e0c736b3c0bd9de966
https://raw.githubusercontent.com/cyberbotics/webots/R2023b/projects/robots/universal_robots/protos/UR5e/meshes/wrist_2_link_2.obj	c26ec6f834fa59d16dce0ba6c105f4cbc91c3b46a572d684b104ca1f526dd771
https://raw.githubusercontent.com/cyberbotics/webots/R2023b/projects/robots/universal_robots/protos/UR5e/meshes/wrist_2_link_3.obj	e72755583131888ddcf6d72bce2bd139f944a3585d4cbdb3b26b37a48993f9ff
https://raw.githubusercontent.com/cyberbotics/webots/R2023b/projects/robots/universal_robots/protos/UR5e/meshes/wrist_3_link_0.obj	d4ff6dd1892d824284a76d8cce0aa87434cedb56d85495d40b47872bf662d20e
https://raw.githubusercontent.com/cyberbotics/webots/R2023b/projects/robots/universal_robots/protos/UR5e/textures/normal_0.jpg	e48a1c6bcb93bd4c2cce4832590f0944d2d49a14a22ab5db689e5b8cb5992361
https://raw.githubusercontent.com/cyberbotics/webots/R2023b/projects/robots/universal_robots/protos/UR5e/textures/normal_1.jpg	29cc4d097ec35ead56af5b68e24071f213eec8b60fa7f1be65bf9f0857e370c1
https://raw.githubusercontent.com/cyberbotics/webots/R2023b/projects/robots/universal_robots/protos/UR5e/textures/normal_2.jpg	d9e5e20edf4334e58e56503f41c1a99bd5f4f876666d8fa143a2176398c08f1f
https://raw.githubusercontent.com/cyberbotics/webots/R2023b/projects/robots/universal_robots/protos/UR5e/textures/normal_3.jpg	049e7d4c7fa127e183d034221020787dc05db1a9d0b0abe81d93ee129d9b50eb
https://raw.githubusercontent.com/cyberbotics/webots/R2023b/projects/robots/universal_robots/protos/UR5e/textures/normal_4.jpg	f9326f028d92b47a8c5fb4e5aed5e44bbb2f7c8be50245995a91ad9acb963e1c
https://raw.githubusercontent.com/cyberbotics/webots/R2023b/projects/robots/universal_robots/protos/UR5e/textures/normal_5.jpg	4a536734b249f6d15651fc806c3287186e17ed241f8259cd4a5ddf131bea0d05
https://raw.githubusercontent.com/cyberbotics/webots/R2023b/projects/robots/universal_robots/protos/UR5e/textures/occlusion_0.jpg	fc97a651e8a4196e643a06f1ec2590e5a4b4eec02b18f3e29245fa6b08aaf843
https://raw.githubusercontent.com/cyberbotics/webots/R2023b/projects/robots/universal_robots/protos/UR5e/textures/occlusion_1.jpg	8ae6e1f3429a4fd5a656b979e88a3fc17e593cc474b2674ddf0cea160fb5d4cb
https://raw.githubusercontent.com/cyberbotics/webots/R2023b/projects/robots/universal_robots/protos/UR5e/textures/occlusion_2.jpg	46cb6968c8fa48280f04cbf62eb26069148b2a7278ab624c5b3048492900f3bb
https://raw.githubusercontent.com/cyberbotics/webots/R2023b/projects/robots/universal_robots/protos/UR5e/textures/occlusion_3.jpg	a1bd2041ed3a97c006a29911a44ff4d6fca84d06e5b28aa339807f39e6b62233
https://raw.githubusercontent.com/cyberbotics/webots/R2023b/projects/robots/universal_robots/protos/UR5e/textures/occlusion_4.jpg	5c33a1a630bda7d19ba3f3abd020b2142f3ac1673c9bbefc1c6c7f081eef584e
https://raw.githubusercontent.com/cyberbotics/webots/R2023b/projects/robots/universal_robots/protos/UR5e/textures/occlusion_5.jpg	7672d19a8fed361f3e8af4bcda6a87375228f1e3684845782084daa6c56d9551
